id;nome;email;data_nascimento;telefone
1;nor;Aiden_Prohaska@gmail.com;2025-03-16;now shocked
2;optimistically rigidly;Jeanne12@yahoo.com;2025-03-16;ouch utterly
3;geez overcook;Jennings69@yahoo.com;2025-03-16;nor
4;under cap because;Arlene_Lynch@yahoo.com;2025-03-16;soupy mysterious
5;tightly jubilantly;Harold6@gmail.com;2025-03-16;throughout quaff
6;circa embody jittery;Abbie_Kuhlman75@yahoo.com;2025-03-16;appropriate burgeon unless
7;yum verbally;Jolie79@yahoo.com;2025-03-15;pliers
8;gah whether;Jamar.Pouros@gmail.com;2025-03-16;amnesty disloyal account
9;fooey beneath;Wendell_Batz@hotmail.com;2025-03-16;gray ethyl informal
10;helpfully;Laverne_Schuppe@gmail.com;2025-03-16;dwell
